[
  {
    "timestamp": "2026-02-11T12:00:15.650326",
    "name": "Anonymous",
    "phone": "",
    "email": "",
    "city": "Hyderabad",
    "area": "1500",
    "floors": "G+2",
    "construction_type": "Basic",
    "budget": "7500000",
    "timeline": "24",
    "start_time": "",
    "requirements": "",
    "vastu": true
  },
  {
    "timestamp": "2026-02-11T12:02:03.091194",
    "name": "kiran",
    "phone": "6305532311",
    "email": "",
    "city": "Hyderabad",
    "area": "1500",
    "floors": "G+1",
    "construction_type": "Standard",
    "budget": "7500000",
    "timeline": "24",
    "start_time": "Within 1 month",
    "requirements": "",
    "vastu": true
  },
  {
    "timestamp": "2026-02-11T12:03:39.964467",
    "name": "raja",
    "phone": "7855454422",
    "email": "",
    "city": "Hyderabad",
    "area": "1500",
    "floors": "G+1",
    "construction_type": "Basic",
    "budget": "",
    "timeline": "",
    "start_time": "Within 1 month",
    "requirements": "",
    "vastu": true
  },
  {
    "timestamp": "2026-02-11T12:18:59.405306",
    "name": "palu",
    "phone": "6305532311",
    "email": "",
    "city": "Hyderabad",
    "area": "1500",
    "floors": "G+1",
    "construction_type": "Standard",
    "budget": "",
    "timeline": "12",
    "start_time": "Immediately",
    "requirements": "",
    "vastu": true
  },
  {
    "timestamp": "2026-02-11T12:24:31.156077",
    "name": "palu",
    "phone": "6305532311",
    "email": "",
    "city": "Hyderabad",
    "area": "1500",
    "floors": "G+1",
    "construction_type": "Standard",
    "budget": "5000000",
    "timeline": "12",
    "start_time": "Immediately",
    "requirements": "",
    "vastu": true
  },
  {
    "timestamp": "2026-02-11T13:46:29.755757",
    "name": "kiran",
    "phone": "7855454422",
    "email": "",
    "city": "Hyderabad",
    "area": "1000",
    "floors": "G",
    "construction_type": "Standard",
    "budget": "2500000",
    "timeline": "",
    "start_time": "Immediately",
    "requirements": "",
    "vastu": true
  },
  {
    "timestamp": "2026-02-11T13:48:41.013044",
    "name": "kiran",
    "phone": "7855454422",
    "email": "",
    "city": "Hyderabad",
    "area": "1000",
    "floors": "G",
    "construction_type": "Standard",
    "budget": "2500000",
    "timeline": "",
    "start_time": "Immediately",
    "requirements": "",
    "vastu": true
  },
  {
    "timestamp": "2026-02-11T13:54:06.457663",
    "name": "kiran",
    "phone": "6305532311",
    "email": "",
    "city": "Delhi",
    "area": "1500",
    "floors": "G+1",
    "construction_type": "Standard",
    "budget": "",
    "timeline": "",
    "start_time": "Immediately",
    "requirements": "",
    "vastu": true
  },
  {
    "timestamp": "2026-02-11T13:54:53.988011",
    "name": "kiran",
    "phone": "6305532311",
    "email": "",
    "city": "Delhi",
    "area": "1500",
    "floors": "G+2",
    "construction_type": "Standard",
    "budget": "",
    "timeline": "",
    "start_time": "Immediately",
    "requirements": "4 BEDROOMS\n",
    "vastu": true
  },
  {
    "timestamp": "2026-02-11T14:13:10.565735",
    "name": "palu",
    "phone": "7855454422",
    "email": "",
    "city": "Ahmedabad",
    "area": "1500",
    "floors": "G+2",
    "construction_type": "Premium",
    "budget": "",
    "timeline": "36",
    "start_time": "Immediately",
    "requirements": "",
    "vastu": true
  },
  {
    "timestamp": "2026-02-11T14:16:06.274736",
    "name": "palu pitta",
    "phone": "6305532311",
    "email": "",
    "city": "Hyderabad",
    "area": "14000",
    "floors": "G+2",
    "construction_type": "Premium",
    "budget": "",
    "timeline": "36",
    "start_time": "Immediately",
    "requirements": "",
    "vastu": true
  },
  {
    "timestamp": "2026-02-11T14:22:36.830678",
    "name": "palu pitta",
    "phone": "7855454422",
    "email": "",
    "city": "Hyderabad",
    "area": "13000",
    "floors": "G+2",
    "construction_type": "Premium",
    "budget": "",
    "timeline": "15",
    "start_time": "Within 1 month",
    "requirements": "add 3 bedrooms for each floor with hall,2 bathrooms,one balcony",
    "vastu": true
  },
  {
    "timestamp": "2026-02-11T14:31:51.042692",
    "name": "palu",
    "phone": "1111111111",
    "email": "",
    "city": "Pune",
    "area": "1212",
    "floors": "G+1",
    "construction_type": "Premium",
    "budget": "",
    "timeline": "23",
    "start_time": "Immediately",
    "requirements": "buildind should be in circle format",
    "vastu": true
  },
  {
    "timestamp": "2026-02-11T14:33:00.685619",
    "name": "palu",
    "phone": "6305532311",
    "email": "",
    "city": "Delhi",
    "area": "1234",
    "floors": "G",
    "construction_type": "Standard",
    "budget": "",
    "timeline": "",
    "start_time": "Immediately",
    "requirements": "",
    "vastu": true
  },
  {
    "timestamp": "2026-02-11T14:35:19.077313",
    "name": "rana",
    "phone": "1123456789",
    "email": "",
    "city": "Hyderabad",
    "area": "1500",
    "floors": "G+1",
    "construction_type": "Standard",
    "budget": "",
    "timeline": "",
    "start_time": "Immediately",
    "requirements": "the buikding should be modern ",
    "vastu": true
  },
  {
    "timestamp": "2026-02-11T14:39:24.655125",
    "name": "palu",
    "phone": "7855454422",
    "email": "",
    "city": "Mumbai",
    "area": "1234",
    "floors": "G+2",
    "construction_type": "Standard",
    "budget": "",
    "timeline": "",
    "start_time": "Immediately",
    "requirements": "",
    "vastu": true
  }
]